koda,ime,priimek,skupna_uvrstitev,skupno_st_tock,poleti_uvrstitev,poleti_st_tock,drzava,leto,spol
72563,Severin,Freund,1,1729,2,336,GER,2015,M
131309,Peter,Prevc,1,1729,1,345,SLO,2015,M
128286,Stefan,Kraft,3,1578,7,190,AUT,2015,M
140329,Anders,Fannemel,4,1161,6,197,NOR,2015,M
117835,Michael,Hayboeck,5,1157,13,91,AUT,2015,M
29533,Noriaki,Kasai,6,1137,4,227,JPN,2015,M
104161,Roman,Koudelka,7,1113,28,35,CZE,2015,M
142646,Rune,Velta,8,848,5,200,NOR,2015,M
73228,Kamil,Stoch,9,820,16,77,POL,2015,M
106378,Gregor,Schlierenzauer,10,739,18,58,AUT,2015,M
973,Simon,Ammann,11,646,,0,SUI,2015,M
128618,Richard,Freitag,12,622,19,52,GER,2015,M
75837,Jurij,Tepes,13,554,3,287,SLO,2015,M
12274,Jernej,Damjan,14,535,15,78,SLO,2015,M
117441,Markus,Eisenbichler,15,529,14,90,GER,2015,M
73166,Daiki,Ito,16,513,10,99,JPN,2015,M
90663,Anders,Jacobsen,17,511,27,36,NOR,2015,M
2950,Anders,Bardal,18,477,,0,NOR,2015,M
73232,Piotr,Zyla,19,474,11,96,POL,2015,M
73277,Taku,Takeuchi,20,363,17,68,JPN,2015,M
43223,Michael,Neumayer,21,347,9,107,GER,2015,M
157213,Marinus,Kraus,22,327,30,33,GER,2015,M
147549,Johann Andre,Forfang,23,325,8,151,NOR,2015,M
131935,Nejc,Dezman,24,224,24,47,SLO,2015,M
117496,Matjaz,Pungertar,25,205,54,1,SLO,2015,M
32297,Robert,Kranjec,26,201,21,49,SLO,2015,M
124118,Gregor,Deschwanden,27,189,32,24,SUI,2015,M
13322,SEVOIE Vincent,Descombes,28,179,26,39,FRA,2015,M
68743,Andreas,Kofler,29,173,,0,AUT,2015,M
135119,Lauri,Asikainen,30,157,51,2,FIN,2015,M
156410,Phillip,Sjoeen,31,155,40,13,NOR,2015,M
136813,Jarkko,Maatta,32,151,33,21,FIN,2015,M
17013,Manuel,Fettner,33,146,25,44,AUT,2015,M
63739,Dmitriy,Vassiliev,34,145,22,48,RUS,2015,M
174244,Andreas,Wellinger,35,137,,0,GER,2015,M
112295,Andreas,Stjernen,36,134,11,96,NOR,2015,M
106377,Manuel,Poppinger,37,128,22,48,AUT,2015,M
117450,Stephan,Leyhe,38,120,37,16,GER,2015,M
108891,Tom,Hilde,39,118,37,16,NOR,2015,M
38651,Jan,Matura,40,114,34,20,CZE,2015,M
112735,Kenneth,Gangnes,41,113,19,52,NOR,2015,M
120379,Klemens,Muranka,42,102,39,14,POL,2015,M
124157,Thomas,Diethart,43,99,44,10,AUT,2015,M
126003,Junshiro,Kobayashi,44,95,31,26,JPN,2015,M
147547,Daniel Andre,Tande,45,81,42,12,NOR,2015,M
100406,Shohei,Tochimoto,46,79,34,20,JPN,2015,M
174079,Vladislav,Boyarintsev,47,77,,0,RUS,2015,M
128281,Aleksander,Zniszczol,48,75,36,17,POL,2015,M
128456,Kento,Sakuyama,49,62,45,9,JPN,2015,M
123925,Jan,Ziobro,50,55,,0,POL,2015,M
72592,Andreas,Wank,51,54,,0,GER,2015,M
102371,Davide,Bresadola,52,48,46,8,ITA,2015,M
111251,Dawid,Kubacki,53,35,,0,POL,2015,M
122992,Ville,Larinto,53,35,,0,FIN,2015,M
130646,Anze,Semenic,53,35,28,35,SLO,2015,M
27594,Jakub,Janda,56,34,,0,CZE,2015,M
128111,Ilmir,Hazetdinov,57,32,,0,RUS,2015,M
445,Janne,Ahonen,58,29,46,8,FIN,2015,M
164621,Cene,Prevc,59,27,,0,SLO,2015,M
152956,Mikhail,Maksimochkin,60,26,,0,RUS,2015,M
75148,Antonin,Hajek,61,24,40,13,CZE,2015,M
162711,Anze,Lanisek,62,23,,0,SLO,2015,M
121678,Sami,Niemi,63,19,,0,FIN,2015,M
110540,Anssi,Koivuranta,64,18,,0,FIN,2015,M
118113,Maciej,Kot,65,17,,0,POL,2015,M
153777,Killian,Peier,66,15,,0,SUI,2015,M
140331,Joachim,Hauer,67,14,50,3,NOR,2015,M
128448,Ulrich,Wohlgenannt,67,14,43,11,AUT,2015,M
134127,CHAPPUIS Ronan,Lamy,69,13,,0,FRA,2015,M
117461,Daniel,Wenig,70,11,51,2,GER,2015,M
111930,Vladimir,Zografski,70,11,,0,BUL,2015,M
35788,Wolfgang,Loitzl,72,8,,0,AUT,2015,M
90236,Denis,Kornilov,73,6,,0,RUS,2015,M
106257,Tomaz,Naglic,73,6,,0,SLO,2015,M
128621,Karl,Geiger,75,5,,0,GER,2015,M
128806,Robert,Johansson,75,5,,0,NOR,2015,M
132096,Rok,Justin,75,5,48,5,SLO,2015,M
115912,Nicholas,Alexander,78,4,,0,USA,2015,M
25074,Lukas,Hlava,78,4,,0,CZE,2015,M
73229,Stefan,Hula,78,4,,0,POL,2015,M
113115,Ole Marius,Ingvaldsen,78,4,49,4,NOR,2015,M
10086,Seou,Choi,82,2,,0,KOR,2015,M
92486,Kenshiro,Ito,82,2,,0,JPN,2015,M
99976,Pius,Paschke,82,2,51,2,GER,2015,M
147017,Simon,Greiderer,85,1,54,1,AUT,2015,M
74412,Harri,Olli,85,1,54,1,FIN,2015,M
132745,Alexey,Romashov,85,1,,0,RUS,2015,M
128447,Clemens,Aigner,,0,,0,AUT,2015,M
83056,Nicholas,Fairall,,0,,0,USA,2015,M
166447,Tim,Fuchs,,0,,0,GER,2015,M
128558,Bartlomiej,Klusek,,0,,0,POL,2015,M
94253,Matthew,Rowley,,0,,0,CAN,2015,M
139964,Reruhi,Shimizu,,0,,0,JPN,2015,M
156838,Elias,Tollinger,,0,,0,AUT,2015,M
131309,Peter,Prevc,1,2303,1,530,SLO,2016,M
72563,Severin,Freund,2,1490,6,247,GER,2016,M
112735,Kenneth,Gangnes,3,1348,4,305,NOR,2016,M
117835,Michael,Hayboeck,4,1301,8,227,AUT,2016,M
147549,Johann Andre,Forfang,5,1240,3,348,NOR,2016,M
128286,Stefan,Kraft,6,1006,7,239,AUT,2016,M
147547,Daniel Andre,Tande,7,985,9,179,NOR,2016,M
29533,Noriaki,Kasai,8,909,5,248,JPN,2016,M
128618,Richard,Freitag,9,680,13,107,GER,2016,M
140329,Anders,Fannemel,10,670,11,154,NOR,2016,M
104161,Roman,Koudelka,11,650,19,62,CZE,2016,M
112295,Andreas,Stjernen,12,607,10,177,NOR,2016,M
32297,Robert,Kranjec,13,603,2,400,SLO,2016,M
186516,Domen,Prevc,14,486,,0,SLO,2016,M
973,Simon,Ammann,15,480,15,101,SUI,2016,M
73166,Daiki,Ito,16,476,13,107,JPN,2016,M
174244,Andreas,Wellinger,17,408,,0,GER,2016,M
73277,Taku,Takeuchi,18,398,16,82,JPN,2016,M
72592,Andreas,Wank,19,369,28,25,GER,2016,M
140331,Joachim,Hauer,20,356,17,74,NOR,2016,M
75837,Jurij,Tepes,21,307,12,130,SLO,2016,M
73228,Kamil,Stoch,22,295,19,62,POL,2016,M
117450,Stephan,Leyhe,23,257,29,23,GER,2016,M
17013,Manuel,Fettner,24,238,21,37,AUT,2016,M
162711,Anze,Lanisek,25,232,37,12,SLO,2016,M
73229,Stefan,Hula,26,227,36,16,POL,2016,M
106377,Manuel,Poppinger,27,208,18,67,AUT,2016,M
13322,SEVOIE Vincent,Descombes,28,204,24,33,FRA,2016,M
111251,Dawid,Kubacki,29,182,25,32,POL,2016,M
128621,Karl,Geiger,30,174,29,23,GER,2016,M
118113,Maciej,Kot,31,165,25,32,POL,2016,M
27594,Jakub,Janda,32,164,,0,CZE,2016,M
38651,Jan,Matura,33,118,42,4,CZE,2016,M
174246,Andrzej,Stekala,34,105,31,19,POL,2016,M
25074,Lukas,Hlava,35,89,39,7,CZE,2016,M
73232,Piotr,Zyla,35,89,23,35,POL,2016,M
108891,Tom,Hilde,37,74,,0,NOR,2016,M
68743,Andreas,Kofler,38,62,,0,AUT,2016,M
124118,Gregor,Deschwanden,39,61,,0,SUI,2016,M
117441,Markus,Eisenbichler,39,61,25,32,GER,2016,M
157213,Marinus,Kraus,41,57,,0,GER,2016,M
155620,Ryoyu,Kobayashi,42,55,38,8,JPN,2016,M
106378,Gregor,Schlierenzauer,43,53,,0,AUT,2016,M
147015,Philipp,Aschenwald,44,50,,0,AUT,2016,M
78803,Mackenzie,Boyd-clowes,44,50,22,36,CAN,2016,M
138409,Jaka,Hvala,46,46,33,18,SLO,2016,M
128456,Kento,Sakuyama,47,43,,0,JPN,2016,M
135119,Lauri,Asikainen,48,42,,0,FIN,2016,M
166437,David,Siegel,49,37,,0,GER,2016,M
120379,Klemens,Muranka,50,36,,0,POL,2016,M
147016,Thomas,Hofer,51,25,35,17,AUT,2016,M
134127,CHAPPUIS Ronan,Lamy,52,24,,0,FRA,2016,M
43223,Michael,Neumayer,52,24,,0,GER,2016,M
128111,Ilmir,Hazetdinov,54,23,,0,RUS,2016,M
100406,Shohei,Tochimoto,55,22,33,18,JPN,2016,M
172117,Evgenii,Klimov,56,21,,0,RUS,2016,M
179422,Bor,Pavlovcic,57,20,,0,SLO,2016,M
128806,Robert,Johansson,58,19,31,19,NOR,2016,M
92486,Kenshiro,Ito,59,16,,0,JPN,2016,M
122992,Ville,Larinto,60,14,,0,FIN,2016,M
126003,Junshiro,Kobayashi,61,13,,0,JPN,2016,M
90236,Denis,Kornilov,62,12,,0,RUS,2016,M
71839,Sebastian,Colloredo,63,11,,0,ITA,2016,M
130646,Anze,Semenic,64,8,40,6,SLO,2016,M
108867,Cestmir,Kozisek,65,7,40,6,CZE,2016,M
128788,Markus,Schiffner,65,7,,0,AUT,2016,M
160506,Naoki,Nakamura,67,6,,0,JPN,2016,M
111930,Vladimir,Zografski,67,6,,0,BUL,2016,M
109565,Andraz,Pograjc,69,5,,0,SLO,2016,M
149455,Jakub,Wolny,69,5,,0,POL,2016,M
192465,Joacim Oedegaard,Bjoereng,71,3,43,3,NOR,2016,M
29034,Anton,Kalinitschenko,71,3,,0,RUS,2016,M
180727,Tomas,Vancura,71,3,,0,CZE,2016,M
128447,Clemens,Aigner,74,2,,0,AUT,2016,M
99976,Pius,Paschke,74,2,,0,GER,2016,M
153777,Killian,Peier,74,2,,0,SUI,2016,M
173399,Kevin,Bickner,77,1,44,1,USA,2016,M
115912,Nicholas,Alexander,,0,,0,USA,2016,M
128402,Florian,Altenburger,,0,,0,AUT,2016,M
171479,Tilen,Bartol,,0,,0,SLO,2016,M
139045,Luca,Egloff,,0,,0,SUI,2016,M
102483,Michael,Glasder,,0,,0,USA,2016,M
180709,Halvor Egner,Granerud,,0,,0,NOR,2016,M
156838,Elias,Tollinger,,0,,0,AUT,2016,M
128286,Stefan,Kraft,1,1665,1,445,AUT,2017,M
73228,Kamil,Stoch,2,1524,3,279,POL,2017,M
147547,Daniel Andre,Tande,3,1201,11,120,NOR,2017,M
174244,Andreas,Wellinger,4,1161,2,333,GER,2017,M
118113,Maciej,Kot,5,985,13,111,POL,2017,M
186516,Domen,Prevc,6,963,9,138,SLO,2017,M
117835,Michael,Hayboeck,7,814,6,184,AUT,2017,M
117441,Markus,Eisenbichler,8,807,7,151,GER,2017,M
131309,Peter,Prevc,9,716,5,196,SLO,2017,M
17013,Manuel,Fettner,10,703,22,52,AUT,2017,M
73232,Piotr,Zyla,11,634,10,129,POL,2017,M
112295,Andreas,Stjernen,12,591,14,99,NOR,2017,M
128618,Richard,Freitag,13,507,17,72,GER,2017,M
128806,Robert,Johansson,14,424,12,116,NOR,2017,M
29533,Noriaki,Kasai,15,401,4,230,JPN,2017,M
13322,SEVOIE Vincent,Descombes,16,386,30,27,FRA,2017,M
172117,Evgenii,Klimov,17,382,23,41,RUS,2017,M
128621,Karl,Geiger,18,369,18,55,GER,2017,M
111251,Dawid,Kubacki,19,345,18,55,POL,2017,M
75837,Jurij,Tepes,20,326,8,144,SLO,2017,M
72563,Severin,Freund,21,309,,0,GER,2017,M
117450,Stephan,Leyhe,22,308,42,4,GER,2017,M
68743,Andreas,Kofler,23,307,,0,AUT,2017,M
73166,Daiki,Ito,24,294,18,55,JPN,2017,M
104161,Roman,Koudelka,25,223,25,36,CZE,2017,M
140329,Anders,Fannemel,26,213,16,75,NOR,2017,M
147549,Johann Andre,Forfang,27,197,15,79,NOR,2017,M
12274,Jernej,Damjan,28,149,18,55,SLO,2017,M
973,Simon,Ammann,29,147,24,37,SUI,2017,M
73277,Taku,Takeuchi,30,130,40,8,JPN,2017,M
123925,Jan,Ziobro,31,122,27,29,POL,2017,M
73229,Stefan,Hula,32,110,,0,POL,2017,M
162711,Anze,Lanisek,33,98,31,23,SLO,2017,M
106378,Gregor,Schlierenzauer,34,94,34,15,AUT,2017,M
72592,Andreas,Wank,35,90,38,9,GER,2017,M
161594,Vojtech,Stursa,36,88,,0,CZE,2017,M
128788,Markus,Schiffner,37,81,,0,AUT,2017,M
27594,Jakub,Janda,38,80,,0,CZE,2017,M
90236,Denis,Kornilov,39,77,33,17,RUS,2017,M
164621,Cene,Prevc,40,67,41,7,SLO,2017,M
78803,Mackenzie,Boyd-clowes,41,52,,0,CAN,2017,M
128447,Clemens,Aigner,42,50,,0,AUT,2017,M
173399,Kevin,Bickner,42,50,29,28,USA,2017,M
180709,Halvor Egner,Granerud,42,50,37,10,NOR,2017,M
130646,Anze,Semenic,45,41,26,33,SLO,2017,M
71839,Sebastian,Colloredo,46,33,43,3,ITA,2017,M
174572,Viktor,Polasek,47,31,38,9,CZE,2017,M
180727,Tomas,Vancura,47,31,27,29,CZE,2017,M
25074,Lukas,Hlava,49,26,,0,CZE,2017,M
445,Janne,Ahonen,50,24,36,14,FIN,2017,M
136813,Jarkko,Maatta,50,24,,0,FIN,2017,M
167417,Joakim,Aune,52,23,,0,NOR,2017,M
175089,Alex,Insam,53,22,32,22,ITA,2017,M
126003,Junshiro,Kobayashi,54,20,,0,JPN,2017,M
132745,Alexey,Romashov,55,17,,0,RUS,2017,M
108891,Tom,Hilde,56,16,,0,NOR,2017,M
122992,Ville,Larinto,56,16,,0,FIN,2017,M
147499,Stefan,Huber,58,15,43,3,AUT,2017,M
63739,Dmitriy,Vassiliev,58,15,34,15,RUS,2017,M
102371,Davide,Bresadola,60,14,,0,ITA,2017,M
166437,David,Siegel,61,12,,0,GER,2017,M
128456,Kento,Sakuyama,62,9,,0,JPN,2017,M
128281,Aleksander,Zniszczol,62,9,,0,POL,2017,M
124118,Gregor,Deschwanden,64,8,,0,SUI,2017,M
128402,Florian,Altenburger,65,4,,0,AUT,2017,M
120379,Klemens,Muranka,65,4,,0,POL,2017,M
102483,Michael,Glasder,67,3,45,1,USA,2017,M
179422,Bor,Pavlovcic,67,3,,0,SLO,2017,M
148842,Kaarel,Nurmsalu,69,2,45,1,EST,2017,M
156838,Elias,Tollinger,69,2,,0,AUT,2017,M
139429,Daniel,Huber,71,1,,0,AUT,2017,M
182557,Yuken,Iwasa,71,1,,0,JPN,2017,M
148058,Gabriel,Karlen,71,1,,0,SUI,2017,M
182547,Antti,Aalto,,0,,0,FIN,2017,M
147015,Philipp,Aschenwald,,0,,0,AUT,2017,M
171479,Tilen,Bartol,,0,,0,SLO,2017,M
192144,Aleksandr,Bazhenov,,0,,0,RUS,2017,M
118061,Fredrik,Bjerkeengen,,0,,0,NOR,2017,M
192465,Joacim Oedegaard,Bjoereng,,0,,0,NOR,2017,M
81301,Roberto,Dellasega,,0,,0,ITA,2017,M
131935,Nejc,Dezman,,0,,0,SLO,2017,M
171208,Richard,Haukedal,,0,,0,NOR,2017,M
147016,Thomas,Hofer,,0,,0,AUT,2017,M
151263,Fatih Arda,Ipcioglu,,0,,0,TUR,2017,M
94125,Nikolay,Karpenko,,0,,0,KAZ,2017,M
155620,Ryoyu,Kobayashi,,0,,0,JPN,2017,M
134127,CHAPPUIS Ronan,Lamy,,0,,0,FRA,2017,M
180692,Casey,Larson,,0,,0,USA,2017,M
38651,Jan,Matura,,0,,0,CZE,2017,M
136242,Sabirzhan,Muminov,,0,,0,KAZ,2017,M
144610,Mikhail,Nazarov,,0,,0,RUS,2017,M
196315,Eetu,Nousiainen,,0,,0,FIN,2017,M
99976,Pius,Paschke,,0,,0,GER,2017,M
153777,Killian,Peier,,0,,0,SUI,2017,M
167385,William,Rhoads,,0,,0,USA,2017,M
189105,Constantin,Schmid,,0,,0,GER,2017,M
143981,Andreas,Schuler,,0,,0,SUI,2017,M
179178,Sigurd Nymoen,Soeberg,,0,,0,NOR,2017,M
165235,Konstantin,Sokolenko,,0,,0,KAZ,2017,M
196057,Sergey,Tkachenko,,0,,0,KAZ,2017,M
75176,Marat,Zhaparov,,0,,0,KAZ,2017,M
111930,Vladimir,Zografski,,0,,0,BUL,2017,M
73228,Kamil,Stoch,1,1443,2,250,POL,2018,M
128618,Richard,Freitag,2,1070,7,112,GER,2018,M
147547,Daniel Andre,Tande,3,985,5,200,NOR,2018,M
128286,Stefan,Kraft,4,881,4,214,AUT,2018,M
128806,Robert,Johansson,5,840,2,250,NOR,2018,M
174244,Andreas,Wellinger,6,828,26,31,GER,2018,M
147549,Johann Andre,Forfang,7,821,6,142,NOR,2018,M
112295,Andreas,Stjernen,8,665,1,257,NOR,2018,M
111251,Dawid,Kubacki,9,633,16,54,POL,2018,M
117441,Markus,Eisenbichler,10,597,10,102,GER,2018,M
126003,Junshiro,Kobayashi,11,568,14,70,JPN,2018,M
140329,Anders,Fannemel,12,500,12,97,NOR,2018,M
73229,Stefan,Hula,13,431,15,62,POL,2018,M
128621,Karl,Geiger,14,427,24,36,GER,2018,M
131309,Peter,Prevc,15,416,8,106,SLO,2018,M
73232,Piotr,Zyla,16,403,22,40,POL,2018,M
12274,Jernej,Damjan,17,379,33,17,SLO,2018,M
117450,Stephan,Leyhe,18,327,23,39,GER,2018,M
973,Simon,Ammann,19,312,11,100,SUI,2018,M
180709,Halvor Egner,Granerud,20,280,20,44,NOR,2018,M
118113,Maciej,Kot,21,261,31,20,POL,2018,M
130646,Anze,Semenic,22,256,18,47,SLO,2018,M
117835,Michael,Hayboeck,23,245,25,35,AUT,2018,M
155620,Ryoyu,Kobayashi,24,187,17,48,JPN,2018,M
171479,Tilen,Bartol,25,185,19,46,SLO,2018,M
29533,Noriaki,Kasai,26,164,9,104,JPN,2018,M
17013,Manuel,Fettner,27,137,48,2,AUT,2018,M
139429,Daniel,Huber,28,117,36,12,AUT,2018,M
128447,Clemens,Aigner,29,104,21,41,AUT,2018,M
99976,Pius,Paschke,30,90,36,12,GER,2018,M
73277,Taku,Takeuchi,31,89,39,11,JPN,2018,M
188590,Timi,Zajc,32,88,,0,SLO,2018,M
186516,Domen,Prevc,33,81,13,74,SLO,2018,M
189105,Constantin,Schmid,33,81,,0,GER,2018,M
106378,Gregor,Schlierenzauer,35,77,46,4,AUT,2018,M
149455,Jakub,Wolny,36,73,43,6,POL,2018,M
106377,Manuel,Poppinger,37,66,36,12,AUT,2018,M
124118,Gregor,Deschwanden,38,54,,0,SUI,2018,M
173399,Kevin,Bickner,39,50,28,23,USA,2018,M
131935,Nejc,Dezman,39,50,47,3,SLO,2018,M
174872,Marius,Lindvik,41,49,,0,NOR,2018,M
90236,Denis,Kornilov,42,46,30,21,RUS,2018,M
72592,Andreas,Wank,43,45,41,8,GER,2018,M
164624,Ziga,Jelar,44,43,42,7,SLO,2018,M
149215,Yukiya,Sato,45,41,39,11,JPN,2018,M
147015,Philipp,Aschenwald,46,34,,0,AUT,2018,M
78803,Mackenzie,Boyd-clowes,47,31,,0,CAN,2018,M
108867,Cestmir,Kozisek,48,30,31,20,CZE,2018,M
32297,Robert,Kranjec,49,26,27,26,SLO,2018,M
75837,Jurij,Tepes,50,22,29,22,SLO,2018,M
128402,Florian,Altenburger,51,20,,0,AUT,2018,M
111930,Vladimir,Zografski,52,15,44,5,BUL,2018,M
106257,Tomaz,Naglic,53,14,34,14,SLO,2018,M
182547,Antti,Aalto,54,13,,0,FIN,2018,M
179422,Bor,Pavlovcic,54,13,35,13,SLO,2018,M
153777,Killian,Peier,54,13,,0,SUI,2018,M
104161,Roman,Koudelka,57,12,,0,CZE,2018,M
167385,William,Rhoads,57,12,,0,USA,2018,M
175089,Alex,Insam,59,11,44,5,ITA,2018,M
166437,David,Siegel,59,11,,0,GER,2018,M
204489,Sondre,Ringen,61,9,,0,NOR,2018,M
128448,Ulrich,Wohlgenannt,61,9,,0,AUT,2018,M
73166,Daiki,Ito,63,8,,0,JPN,2018,M
182059,Jonathan,Learoyd,63,8,,0,FRA,2018,M
172117,Evgenii,Klimov,65,7,,0,RUS,2018,M
196315,Eetu,Nousiainen,66,6,,0,FIN,2018,M
13322,SEVOIE Vincent,Descombes,67,4,,0,FRA,2018,M
161594,Vojtech,Stursa,68,3,,0,CZE,2018,M
174348,Clemens,Leitner,69,2,,0,AUT,2018,M
160506,Naoki,Nakamura,69,2,,0,JPN,2018,M
143981,Andreas,Schuler,69,2,,0,SUI,2018,M
63739,Dmitriy,Vassiliev,69,2,,0,RUS,2018,M
71839,Sebastian,Colloredo,73,1,,0,ITA,2018,M
196003,Tomasz,Pilch,73,1,,0,POL,2018,M
180887,Andreas,Alamommo,,0,,0,FIN,2018,M
167417,Joakim,Aune,,0,,0,NOR,2018,M
192465,Joacim Oedegaard,Bjoereng,,0,,0,NOR,2018,M
102371,Davide,Bresadola,,0,,0,ITA,2018,M
165938,Andreas Granerud,Buskum,,0,,0,NOR,2018,M
81301,Roberto,Dellasega,,0,,0,ITA,2018,M
151265,Ayberk,Demir,,0,,0,TUR,2018,M
102483,Michael,Glasder,,0,,0,USA,2018,M
182595,Sandro,Hauswirth,,0,,0,SUI,2018,M
108891,Tom,Hilde,,0,,0,NOR,2018,M
151263,Fatih Arda,Ipcioglu,,0,,0,TUR,2018,M
94124,Alexey,Korolev,,0,,0,KAZ,2018,M
128446,Thomas,Lackner,,0,,0,AUT,2018,M
162711,Anze,Lanisek,,0,,0,SLO,2018,M
136813,Jarkko,Maatta,,0,,0,FIN,2018,M
136242,Sabirzhan,Muminov,,0,,0,KAZ,2018,M
144610,Mikhail,Nazarov,,0,,0,RUS,2018,M
154093,Martti,Nomme,,0,,0,EST,2018,M
185562,Robin,Pedersen,,0,,0,NOR,2018,M
171539,DUPLAND Thomas,Roch,,0,,0,FRA,2018,M
132745,Alexey,Romashov,,0,,0,RUS,2018,M
128456,Kento,Sakuyama,,0,,0,JPN,2018,M
128788,Markus,Schiffner,,0,,0,AUT,2018,M
165235,Konstantin,Sokolenko,,0,,0,KAZ,2018,M
156838,Elias,Tollinger,,0,,0,AUT,2018,M
75176,Marat,Zhaparov,,0,,0,KAZ,2018,M
155620,Ryoyu,Kobayashi,1,2085,1,407,JPN,2019,M
128286,Stefan,Kraft,2,1349,8,228,AUT,2019,M
73228,Kamil,Stoch,3,1288,7,244,POL,2019,M
73232,Piotr,Zyla,4,1131,3,289,POL,2019,M
111251,Dawid,Kubacki,5,988,5,251,POL,2019,M
128806,Robert,Johansson,6,974,12,136,NOR,2019,M
117441,Markus,Eisenbichler,7,937,2,371,GER,2019,M
147549,Johann Andre,Forfang,8,892,9,200,NOR,2019,M
188590,Timi,Zajc,9,833,6,250,SLO,2019,M
128621,Karl,Geiger,10,765,13,103,GER,2019,M
117450,Stephan,Leyhe,11,636,29,38,GER,2019,M
172117,Evgenii,Klimov,12,592,10,158,RUS,2019,M
186516,Domen,Prevc,13,542,4,271,SLO,2019,M
104161,Roman,Koudelka,14,523,28,40,CZE,2019,M
180709,Halvor Egner,Granerud,15,422,24,54,NOR,2019,M
139429,Daniel,Huber,16,413,19,76,AUT,2019,M
153777,Killian,Peier,17,399,37,9,SUI,2019,M
174244,Andreas,Wellinger,18,371,22,60,GER,2019,M
126003,Junshiro,Kobayashi,19,335,23,57,JPN,2019,M
112295,Andreas,Stjernen,19,335,27,43,NOR,2019,M
128618,Richard,Freitag,21,331,21,63,GER,2019,M
149455,Jakub,Wolny,22,328,11,155,POL,2019,M
149215,Yukiya,Sato,23,316,17,79,JPN,2019,M
973,Simon,Ammann,24,313,13,103,SUI,2019,M
182547,Antti,Aalto,25,288,30,30,FIN,2019,M
147015,Philipp,Aschenwald,26,247,20,69,AUT,2019,M
117835,Michael,Hayboeck,27,228,17,79,AUT,2019,M
130646,Anze,Semenic,28,203,15,99,SLO,2019,M
131309,Peter,Prevc,29,179,25,53,SLO,2019,M
162711,Anze,Lanisek,30,177,37,9,SLO,2019,M
17013,Manuel,Fettner,31,166,51,1,AUT,2019,M
73166,Daiki,Ito,32,145,31,29,JPN,2019,M
111930,Vladimir,Zografski,33,134,44,4,BUL,2019,M
166437,David,Siegel,34,131,,0,GER,2019,M
147547,Daniel Andre,Tande,35,106,16,89,NOR,2019,M
140329,Anders,Fannemel,36,103,35,10,NOR,2019,M
29533,Noriaki,Kasai,37,88,26,48,JPN,2019,M
189105,Constantin,Schmid,38,86,32,19,GER,2019,M
160506,Naoki,Nakamura,39,72,42,5,JPN,2019,M
73229,Stefan,Hula,40,69,,0,POL,2019,M
185562,Robin,Pedersen,41,58,34,11,NOR,2019,M
174572,Viktor,Polasek,42,54,,0,CZE,2019,M
197640,Jan,Hoerl,43,53,,0,AUT,2019,M
174872,Marius,Lindvik,44,49,39,8,NOR,2019,M
128447,Clemens,Aigner,45,46,33,14,AUT,2019,M
12274,Jernej,Damjan,46,40,,0,SLO,2019,M
118113,Maciej,Kot,47,25,,0,POL,2019,M
106378,Gregor,Schlierenzauer,48,23,,0,AUT,2019,M
166435,Martin,Hamann,49,19,46,3,GER,2019,M
63739,Dmitriy,Vassiliev,49,19,42,5,RUS,2019,M
173399,Kevin,Bickner,51,18,,0,USA,2019,M
78803,Mackenzie,Boyd-clowes,51,18,40,7,CAN,2019,M
201766,Zak,Mogel,51,18,,0,SLO,2019,M
25074,Lukas,Hlava,54,17,,0,CZE,2019,M
164624,Ziga,Jelar,54,17,,0,SLO,2019,M
182815,Keiichi,Sato,56,13,,0,JPN,2019,M
181027,Artti,Aigro,57,12,,0,EST,2019,M
72563,Severin,Freund,57,12,,0,GER,2019,M
99976,Pius,Paschke,59,10,,0,GER,2019,M
75837,Jurij,Tepes,59,10,35,10,SLO,2019,M
171479,Tilen,Bartol,61,9,40,7,SLO,2019,M
108867,Cestmir,Kozisek,61,9,46,3,CZE,2019,M
73277,Taku,Takeuchi,61,9,,0,JPN,2019,M
179422,Bor,Pavlovcic,64,8,50,2,SLO,2019,M
175089,Alex,Insam,65,7,,0,ITA,2019,M
135583,Roman,Trofimov,66,5,,0,RUS,2019,M
124118,Gregor,Deschwanden,67,4,,0,SUI,2019,M
203375,Thomas Aasen,Markeng,67,4,,0,NOR,2019,M
196315,Eetu,Nousiainen,67,4,44,4,FIN,2019,M
182407,Pawel,Wasek,67,4,,0,POL,2019,M
180727,Tomas,Vancura,71,3,46,3,CZE,2019,M
128448,Ulrich,Wohlgenannt,71,3,46,3,AUT,2019,M
180887,Andreas,Alamommo,73,2,,0,FIN,2019,M
189318,Moritz,Baer,73,2,,0,GER,2019,M
136813,Jarkko,Maatta,73,2,,0,FIN,2019,M
128788,Markus,Schiffner,73,2,,0,AUT,2019,M
144610,Mikhail,Nazarov,77,1,51,1,RUS,2019,M
143981,Andreas,Schuler,77,1,,0,SUI,2019,M
167417,Joakim,Aune,,0,,0,NOR,2019,M
165938,Andreas Granerud,Buskum,,0,,0,NOR,2019,M
71839,Sebastian,Colloredo,,0,,0,ITA,2019,M
139045,Luca,Egloff,,0,,0,SUI,2019,M
182595,Sandro,Hauswirth,,0,,0,SUI,2019,M
147016,Thomas,Hofer,,0,,0,AUT,2019,M
166436,Felix,Hoffmann,,0,,0,GER,2019,M
132096,Rok,Justin,,0,,0,SLO,2019,M
180692,Casey,Larson,,0,,0,USA,2019,M
182059,Jonathan,Learoyd,,0,,0,FRA,2019,M
174348,Clemens,Leitner,,0,,0,AUT,2019,M
136242,Sabirzhan,Muminov,,0,,0,KAZ,2019,M
197208,Mats Bjerke,Myhren,,0,,0,NOR,2019,M
154093,Martti,Nomme,,0,,0,EST,2019,M
194057,Dominik,Peter,,0,,0,SUI,2019,M
199944,Maksim,Sergeev,,0,,0,RUS,2019,M
177223,Matthew,Soukup,,0,,0,CAN,2019,M
196057,Sergey,Tkachenko,,0,,0,KAZ,2019,M
202354,Andrew,Urlaub,,0,,0,USA,2019,M
182349,Fredrik,Villumstad,,0,,0,NOR,2019,M
192476,Oscar P,Westerheim,,0,,0,NOR,2019,M
128281,Aleksander,Zniszczol,,0,,0,POL,2019,M
128286,Stefan,Kraft,1,1659,1,160,AUT,2020,M
128621,Karl,Geiger,2,1519,5,90,GER,2020,M
155620,Ryoyu,Kobayashi,3,1178,4,109,JPN,2020,M
111251,Dawid,Kubacki,4,1169,12,45,POL,2020,M
73228,Kamil,Stoch,5,1031,6,86,POL,2020,M
117450,Stephan,Leyhe,6,917,13,42,GER,2020,M
174872,Marius,Lindvik,7,906,11,46,NOR,2020,M
131309,Peter,Prevc,8,789,28,11,SLO,2020,M
147547,Daniel Andre,Tande,9,721,14,32,NOR,2020,M
147015,Philipp,Aschenwald,10,622,25,17,AUT,2020,M
73232,Piotr,Zyla,11,617,3,129,POL,2020,M
147549,Johann Andre,Forfang,12,579,9,51,NOR,2020,M
149215,Yukiya,Sato,13,559,32,4,JPN,2020,M
188590,Timi,Zajc,14,544,2,140,SLO,2020,M
162711,Anze,Lanisek,15,543,27,14,SLO,2020,M
189105,Constantin,Schmid,16,530,23,20,GER,2020,M
128806,Robert,Johansson,17,503,7,64,NOR,2020,M
139429,Daniel,Huber,18,417,18,25,AUT,2020,M
186516,Domen,Prevc,19,361,9,51,SLO,2020,M
106378,Gregor,Schlierenzauer,20,356,,0,AUT,2020,M
99976,Pius,Paschke,21,353,16,27,GER,2020,M
117835,Michael,Hayboeck,22,350,14,32,AUT,2020,M
117441,Markus,Eisenbichler,23,304,24,18,GER,2020,M
73166,Daiki,Ito,24,285,,0,JPN,2020,M
153777,Killian,Peier,25,237,,0,SUI,2020,M
104161,Roman,Koudelka,26,220,30,6,CZE,2020,M
197640,Jan,Hoerl,27,210,,0,AUT,2020,M
164624,Ziga,Jelar,28,200,17,26,SLO,2020,M
185562,Robin,Pedersen,29,181,19,24,NOR,2020,M
126003,Junshiro,Kobayashi,30,162,20,22,JPN,2020,M
172117,Evgenii,Klimov,31,140,,0,RUS,2020,M
182547,Antti,Aalto,32,133,7,64,FIN,2020,M
164621,Cene,Prevc,33,112,,0,SLO,2020,M
182815,Keiichi,Sato,34,109,,0,JPN,2020,M
973,Simon,Ammann,35,81,,0,SUI,2020,M
203375,Thomas Aasen,Markeng,36,80,,0,NOR,2020,M
130646,Anze,Semenic,37,60,20,22,SLO,2020,M
149455,Jakub,Wolny,38,58,25,17,POL,2020,M
147499,Stefan,Huber,39,57,29,7,AUT,2020,M
132096,Rok,Justin,40,52,,0,SLO,2020,M
111930,Vladimir,Zografski,41,48,32,4,BUL,2020,M
118113,Maciej,Kot,42,40,,0,POL,2020,M
160506,Naoki,Nakamura,43,39,,0,JPN,2020,M
128618,Richard,Freitag,44,37,,0,GER,2020,M
189097,Anders,Haare,45,35,35,2,NOR,2020,M
73229,Stefan,Hula,46,31,,0,POL,2020,M
73277,Taku,Takeuchi,47,28,36,1,JPN,2020,M
189318,Moritz,Baer,48,24,,0,GER,2020,M
75837,Jurij,Tepes,49,21,22,21,SLO,2020,M
78803,Mackenzie,Boyd-clowes,50,20,,0,CAN,2020,M
124118,Gregor,Deschwanden,51,18,,0,SUI,2020,M
128281,Aleksander,Zniszczol,51,18,32,4,POL,2020,M
174572,Viktor,Polasek,53,15,,0,CZE,2020,M
173399,Kevin,Bickner,54,14,,0,USA,2020,M
182557,Yuken,Iwasa,54,14,,0,JPN,2020,M
196057,Sergey,Tkachenko,56,13,,0,KAZ,2020,M
181027,Artti,Aigro,57,11,31,5,EST,2020,M
180889,Niko,Kytosaho,58,10,,0,FIN,2020,M
194057,Dominik,Peter,58,10,,0,SUI,2020,M
218403,Marco,Woergoetter,60,9,,0,AUT,2020,M
180709,Halvor Egner,Granerud,61,8,,0,NOR,2020,M
120379,Klemens,Muranka,61,8,,0,POL,2020,M
188723,Luca,Roth,61,8,,0,GER,2020,M
165938,Andreas Granerud,Buskum,64,6,,0,NOR,2020,M
174348,Clemens,Leitner,64,6,,0,AUT,2020,M
128447,Clemens,Aigner,66,5,,0,AUT,2020,M
143981,Andreas,Schuler,66,5,,0,SUI,2020,M
63739,Dmitriy,Vassiliev,66,5,,0,RUS,2020,M
135583,Roman,Trofimov,69,3,,0,RUS,2020,M
128458,Hiroaki,Watanabe,69,3,,0,JPN,2020,M
204489,Sondre,Ringen,69,3,,0,NOR,2020,M
171479,Tilen,Bartol,69,3,,0,SLO,2020,M
100406,Shohei,Tochimoto,73,2,,0,JPN,2020,M
72563,Severin,Freund,73,2,,0,GER,2020,M
192465,Joacim Oedegaard,Bjoereng,,0,,0,NOR,2020,M
136168,Federico,Cecon,,0,,0,ITA,2020,M
182062,Mathis,Contamine,,0,,0,FRA,2020,M
17013,Manuel,Fettner,,0,,0,AUT,2020,M
166435,Martin,Hamann,,0,,0,GER,2020,M
90236,Denis,Kornilov,,0,,0,RUS,2020,M
108867,Cestmir,Kozisek,,0,,0,CZE,2020,M
136242,Sabirzhan,Muminov,,0,,0,KAZ,2020,M
197208,Mats Bjerke,Myhren,,0,,0,NOR,2020,M
144610,Mikhail,Nazarov,,0,,0,RUS,2020,M
196090,Philipp,Raimund,,0,,0,GER,2020,M
147022,Filip,Sakala,,0,,0,CZE,2020,M
128788,Markus,Schiffner,,0,,0,AUT,2020,M
177223,Matthew,Soukup,,0,,0,CAN,2020,M
161594,Vojtech,Stursa,,0,,0,CZE,2020,M
182349,Fredrik,Villumstad,,0,,0,NOR,2020,M
182407,Pawel,Wasek,,0,,0,POL,2020,M
192476,Oscar P,Westerheim,,0,,0,NOR,2020,M
180709,Halvor Egner,Granerud,1,1572,19,28,NOR,2021,M
117441,Markus,Eisenbichler,2,1190,3,172,GER,2021,M
73228,Kamil,Stoch,3,955,31,11,POL,2021,M
155620,Ryoyu,Kobayashi,4,919,2,260,JPN,2021,M
128806,Robert,Johansson,5,884,7,110,NOR,2021,M
128621,Karl,Geiger,6,826,1,260,GER,2021,M
73232,Piotr,Zyla,7,825,10,82,POL,2021,M
111251,Dawid,Kubacki,8,786,19,28,POL,2021,M
162711,Anze,Lanisek,9,775,21,26,SLO,2021,M
174872,Marius,Lindvik,10,612,,0,NOR,2021,M
149215,Yukiya,Sato,11,581,8,109,JPN,2021,M
139429,Daniel,Huber,12,561,6,114,AUT,2021,M
179422,Bor,Pavlovcic,13,559,4,141,SLO,2021,M
147547,Daniel Andre,Tande,14,543,,0,NOR,2021,M
99976,Pius,Paschke,15,514,13,55,GER,2021,M
174246,Andrzej,Stekala,16,473,17,29,POL,2021,M
128286,Stefan,Kraft,17,429,22,24,AUT,2021,M
117835,Michael,Hayboeck,18,347,9,94,AUT,2021,M
147549,Johann Andre,Forfang,19,338,11,76,NOR,2021,M
182815,Keiichi,Sato,20,291,34,9,JPN,2021,M
147015,Philipp,Aschenwald,21,265,32,10,AUT,2021,M
186516,Domen,Prevc,22,241,5,132,SLO,2021,M
131309,Peter,Prevc,23,230,15,44,SLO,2021,M
166435,Martin,Hamann,24,216,38,3,GER,2021,M
164624,Ziga,Jelar,25,207,12,58,SLO,2021,M
124118,Gregor,Deschwanden,26,206,35,7,SUI,2021,M
149455,Jakub,Wolny,27,195,14,49,POL,2021,M
144610,Mikhail,Nazarov,28,176,16,41,RUS,2021,M
72563,Severin,Freund,29,160,32,10,GER,2021,M
189105,Constantin,Schmid,30,151,23,20,GER,2021,M
120379,Klemens,Muranka,31,141,40,2,POL,2021,M
78803,Mackenzie,Boyd-clowes,32,115,,0,CAN,2021,M
126003,Junshiro,Kobayashi,33,113,30,12,JPN,2021,M
160506,Naoki,Nakamura,34,111,17,29,JPN,2021,M
172117,Evgenii,Klimov,35,110,25,16,RUS,2021,M
128446,Thomas,Lackner,36,93,,0,AUT,2021,M
182547,Antti,Aalto,37,90,,0,FIN,2021,M
164621,Cene,Prevc,38,83,27,14,SLO,2021,M
197640,Jan,Hoerl,39,82,35,7,AUT,2021,M
128281,Aleksander,Zniszczol,40,81,,0,POL,2021,M
973,Simon,Ammann,41,77,,0,SUI,2021,M
128788,Markus,Schiffner,42,76,25,16,AUT,2021,M
209871,Sander Vossan,Eriksen,43,63,,0,NOR,2021,M
181027,Artti,Aigro,43,63,24,18,EST,2021,M
182407,Pawel,Wasek,45,62,,0,POL,2021,M
188590,Timi,Zajc,46,60,40,2,SLO,2021,M
171479,Tilen,Bartol,47,58,37,6,SLO,2021,M
189097,Anders,Haare,48,52,,0,NOR,2021,M
17013,Manuel,Fettner,49,50,,0,AUT,2021,M
180889,Niko,Kytosaho,50,47,,0,FIN,2021,M
196759,Daniel,Tschofenig,51,30,,0,AUT,2021,M
130646,Anze,Semenic,51,30,29,13,SLO,2021,M
174348,Clemens,Leitner,53,27,,0,AUT,2021,M
194057,Dominik,Peter,54,25,,0,SUI,2021,M
73166,Daiki,Ito,55,21,,0,JPN,2021,M
111930,Vladimir,Zografski,56,19,,0,BUL,2021,M
135583,Roman,Trofimov,56,19,,0,RUS,2021,M
118113,Maciej,Kot,58,17,,0,POL,2021,M
128448,Ulrich,Wohlgenannt,58,17,,0,AUT,2021,M
203375,Thomas Aasen,Markeng,60,15,,0,NOR,2021,M
175837,Maximilian,Steiner,60,15,,0,AUT,2021,M
200666,Lovro,Kos,62,14,27,14,SLO,2021,M
189068,David,Haagen,63,13,,0,AUT,2021,M
174269,Timon-Pascal,Kahofer,64,9,,0,AUT,2021,M
195981,Giovanni,Bresadola,65,8,,0,ITA,2021,M
106378,Gregor,Schlierenzauer,65,8,,0,AUT,2021,M
221235,Danil,Sadreev,67,6,,0,RUS,2021,M
90236,Denis,Kornilov,68,5,,0,RUS,2021,M
174572,Viktor,Polasek,69,4,,0,CZE,2021,M
128618,Richard,Freitag,69,4,,0,GER,2021,M
136813,Jarkko,Maatta,71,3,38,3,FIN,2021,M
180692,Casey,Larson,71,3,,0,USA,2021,M
196429,Jernej,Presecnik,71,3,,0,SLO,2021,M
108867,Cestmir,Kozisek,74,2,,0,CZE,2021,M
73229,Stefan,Hula,74,2,,0,POL,2021,M
177223,Matthew,Soukup,76,1,,0,CAN,2021,M
196003,Tomasz,Pilch,76,1,,0,POL,2021,M
175089,Alex,Insam,76,1,,0,ITA,2021,M
189318,Moritz,Baer,,0,,0,GER,2021,M
182062,Mathis,Contamine,,0,,0,FRA,2021,M
217495,Decker,Dean,,0,,0,USA,2021,M
212387,Valentin,Foubert,,0,,0,FRA,2021,M
104161,Roman,Koudelka,,0,,0,CZE,2021,M
187276,Kilian,Maerkl,,0,,0,GER,2021,M
237330,Ilya,Mankov,,0,,0,RUS,2021,M
197930,Stefan,Rainer,,0,,0,AUT,2021,M
188723,Luca,Roth,,0,,0,GER,2021,M
166437,David,Siegel,,0,,0,GER,2021,M
174244,Andreas,Wellinger,,0,,0,GER,2021,M
155620,Ryoyu,Kobayashi,1,1621,9,143,JPN,2022,M
128621,Karl,Geiger,2,1515,10,95,GER,2022,M
174872,Marius,Lindvik,3,1231,6,160,NOR,2022,M
180709,Halvor Egner,Granerud,4,1227,18,51,NOR,2022,M
128286,Stefan,Kraft,5,1069,3,224,AUT,2022,M
117441,Markus,Eisenbichler,6,950,16,54,GER,2022,M
162711,Anze,Lanisek,7,936,5,171,SLO,2022,M
188590,Timi,Zajc,8,711,2,260,SLO,2022,M
197640,Jan,Hoerl,9,662,28,17,AUT,2022,M
164621,Cene,Prevc,10,657,21,45,SLO,2022,M
139429,Daniel,Huber,11,556,22,37,AUT,2022,M
128806,Robert,Johansson,12,531,,0,NOR,2022,M
149215,Yukiya,Sato,13,530,8,151,JPN,2022,M
73232,Piotr,Zyla,14,480,6,160,POL,2022,M
131309,Peter,Prevc,15,460,4,194,SLO,2022,M
153777,Killian,Peier,16,451,44,1,SUI,2022,M
17013,Manuel,Fettner,17,424,13,74,AUT,2022,M
200666,Lovro,Kos,18,403,26,30,SLO,2022,M
73228,Kamil,Stoch,19,397,13,74,POL,2022,M
164624,Ziga,Jelar,20,389,1,270,SLO,2022,M
147547,Daniel Andre,Tande,21,339,,0,NOR,2022,M
117450,Stephan,Leyhe,22,333,35,9,GER,2022,M
189105,Constantin,Schmid,23,332,31,15,GER,2022,M
147549,Johann Andre,Forfang,24,303,15,73,NOR,2022,M
196759,Daniel,Tschofenig,25,251,20,46,AUT,2022,M
124118,Gregor,Deschwanden,26,243,40,6,SUI,2022,M
111251,Dawid,Kubacki,27,231,11,83,POL,2022,M
147015,Philipp,Aschenwald,28,220,,0,AUT,2022,M
174244,Andreas,Wellinger,29,219,25,36,GER,2022,M
72563,Severin,Freund,30,211,22,37,GER,2022,M
160506,Naoki,Nakamura,31,196,31,15,JPN,2022,M
126003,Junshiro,Kobayashi,32,179,43,2,JPN,2022,M
99976,Pius,Paschke,33,174,,0,GER,2022,M
172117,Evgenii,Klimov,34,163,,0,RUS,2022,M
128447,Clemens,Aigner,35,153,,0,AUT,2022,M
128448,Ulrich,Wohlgenannt,36,133,34,14,AUT,2022,M
117835,Michael,Hayboeck,37,117,12,79,AUT,2022,M
221235,Danil,Sadreev,38,101,,0,RUS,2022,M
73166,Daiki,Ito,39,88,,0,JPN,2022,M
196315,Eetu,Nousiainen,40,65,19,48,FIN,2022,M
973,Simon,Ammann,41,64,40,6,SUI,2022,M
182349,Fredrik,Villumstad,42,62,,0,NOR,2022,M
182407,Pawel,Wasek,43,61,,0,POL,2022,M
186516,Domen,Prevc,44,60,17,53,SLO,2022,M
128446,Thomas,Lackner,45,49,35,9,AUT,2022,M
245133,Bendik Jakobsen,Heggli,46,48,22,37,NOR,2022,M
149455,Jakub,Wolny,47,46,27,22,POL,2022,M
188525,Justin,Lisso,48,44,,0,GER,2022,M
182815,Keiichi,Sato,49,38,44,1,JPN,2022,M
111930,Vladimir,Zografski,50,35,,0,BUL,2022,M
180889,Niko,Kytosaho,50,35,35,9,FIN,2022,M
227609,Markus,Mueller,52,34,,0,AUT,2022,M
128788,Markus,Schiffner,53,31,,0,AUT,2022,M
185562,Robin,Pedersen,53,31,,0,NOR,2022,M
181027,Artti,Aigro,55,30,29,16,EST,2022,M
135583,Roman,Trofimov,56,29,,0,RUS,2022,M
194057,Dominik,Peter,57,23,,0,SUI,2022,M
182547,Antti,Aalto,58,22,,0,FIN,2022,M
128618,Richard,Freitag,59,20,,0,GER,2022,M
174246,Andrzej,Stekala,60,19,29,16,POL,2022,M
130646,Anze,Semenic,61,17,31,15,SLO,2022,M
196090,Philipp,Raimund,62,16,,0,GER,2022,M
78803,Mackenzie,Boyd-clowes,63,15,,0,CAN,2022,M
144610,Mikhail,Nazarov,64,10,,0,RUS,2022,M
179422,Bor,Pavlovcic,65,9,35,9,SLO,2022,M
175837,Maximilian,Steiner,66,8,,0,AUT,2022,M
128281,Aleksander,Zniszczol,66,8,42,3,POL,2022,M
217495,Decker,Dean,66,8,,0,USA,2022,M
180707,Markus,Rupitsch,69,7,,0,AUT,2022,M
192465,Joacim Oedegaard,Bjoereng,69,7,39,7,NOR,2022,M
140329,Anders,Fannemel,71,6,,0,NOR,2022,M
192144,Aleksandr,Bazhenov,71,6,,0,RUS,2022,M
195981,Giovanni,Bresadola,71,6,,0,ITA,2022,M
104161,Roman,Koudelka,74,4,,0,CZE,2022,M
73229,Stefan,Hula,74,4,,0,POL,2022,M
151263,Fatih Arda,Ipcioglu,76,2,,0,TUR,2022,M
173399,Kevin,Bickner,,0,,0,USA,2022,M
184854,Daniel Andrei,Cacina,,0,,0,ROU,2022,M
201641,Francesco,Cecon,,0,,0,ITA,2022,M
151262,Muhammet Irfan,Cintimar,,0,,0,TUR,2022,M
178035,Andrei,Feldorean,,0,,0,ROU,2022,M
189097,Anders,Haare,,0,,0,NOR,2022,M
166436,Felix,Hoffmann,,0,,0,GER,2022,M
175089,Alex,Insam,,0,,0,ITA,2022,M
212115,Kacper,Juroszek,,0,,0,POL,2022,M
180692,Casey,Larson,,0,,0,USA,2022,M
182033,Kevin,Maltsev,,0,,0,EST,2022,M
237330,Ilya,Mankov,,0,,0,RUS,2022,M
201766,Zak,Mogel,,0,,0,SLO,2022,M
136242,Sabirzhan,Muminov,,0,,0,KAZ,2022,M
212601,Benjamin,Oestvold,,0,,0,NOR,2022,M
174572,Viktor,Polasek,,0,,0,CZE,2022,M
197930,Stefan,Rainer,,0,,0,AUT,2022,M
204489,Sondre,Ringen,,0,,0,NOR,2022,M
177223,Matthew,Soukup,,0,,0,CAN,2022,M
236223,Soelve Jokerud,Strand,,0,,0,NOR,2022,M
196057,Sergey,Tkachenko,,0,,0,KAZ,2022,M
180709,Halvor Egner,Granerud,1,2128,2,450,NOR,2023,M
128286,Stefan,Kraft,2,1790,1,480,AUT,2023,M
162711,Anze,Lanisek,3,1679,3,314,SLO,2023,M
111251,Dawid,Kubacki,4,1592,22,72,POL,2023,M
155620,Ryoyu,Kobayashi,5,1065,8,164,JPN,2023,M
73232,Piotr,Zyla,6,984,7,210,POL,2023,M
174244,Andreas,Wellinger,7,902,9,161,GER,2023,M
188590,Timi,Zajc,8,853,4,311,SLO,2023,M
196759,Daniel,Tschofenig,9,851,10,140,AUT,2023,M
17013,Manuel,Fettner,10,755,18,95,AUT,2023,M
128621,Karl,Geiger,11,736,25,38,GER,2023,M
117835,Michael,Hayboeck,12,688,15,113,AUT,2023,M
197640,Jan,Hoerl,13,639,6,213,AUT,2023,M
73228,Kamil,Stoch,14,608,13,114,POL,2023,M
117441,Markus,Eisenbichler,15,607,11,120,GER,2023,M
147549,Johann Andre,Forfang,16,574,13,114,NOR,2023,M
164624,Ziga,Jelar,17,498,16,111,SLO,2023,M
186516,Domen,Prevc,18,449,5,237,SLO,2023,M
147547,Daniel Andre,Tande,18,449,21,74,NOR,2023,M
174872,Marius,Lindvik,20,393,23,50,NOR,2023,M
128806,Robert,Johansson,21,387,17,108,NOR,2023,M
200666,Lovro,Kos,22,309,24,47,SLO,2023,M
189105,Constantin,Schmid,23,280,38,9,GER,2023,M
160506,Naoki,Nakamura,24,275,19,93,JPN,2023,M
131309,Peter,Prevc,25,274,49,2,SLO,2023,M
124118,Gregor,Deschwanden,26,270,12,118,SUI,2023,M
219184,Kristoffer Eriksen,Sundal,27,246,28,30,NOR,2023,M
117450,Stephan,Leyhe,28,231,42,4,GER,2023,M
128447,Clemens,Aigner,29,227,49,2,AUT,2023,M
196090,Philipp,Raimund,30,218,,0,GER,2023,M
182407,Pawel,Wasek,31,190,35,10,POL,2023,M
128281,Aleksander,Zniszczol,32,181,20,78,POL,2023,M
195981,Giovanni,Bresadola,33,170,26,33,ITA,2023,M
147015,Philipp,Aschenwald,34,168,33,13,AUT,2023,M
99976,Pius,Paschke,34,168,42,4,GER,2023,M
245133,Bendik Jakobsen,Heggli,36,85,27,31,NOR,2023,M
180889,Niko,Kytosaho,37,77,29,22,FIN,2023,M
182547,Antti,Aalto,38,69,,0,FIN,2023,M
111930,Vladimir,Zografski,39,63,,0,BUL,2023,M
188525,Justin,Lisso,40,60,,0,GER,2023,M
174348,Clemens,Leitner,41,59,35,10,AUT,2023,M
204078,Rok,Masle,42,51,31,16,SLO,2023,M
194909,Ren,Nikaido,43,49,,0,JPN,2023,M
203984,Jan,Habdas,44,48,,0,POL,2023,M
194057,Dominik,Peter,45,44,42,4,SUI,2023,M
175089,Alex,Insam,46,40,35,10,ITA,2023,M
973,Simon,Ammann,47,38,32,14,SUI,2023,M
78803,Mackenzie,Boyd-clowes,48,35,,0,CAN,2023,M
181027,Artti,Aigro,49,33,42,4,EST,2023,M
196003,Tomasz,Pilch,50,30,,0,POL,2023,M
201766,Zak,Mogel,51,29,49,2,SLO,2023,M
196784,Jonas,Schuster,52,26,,0,AUT,2023,M
204489,Sondre,Ringen,53,24,41,5,NOR,2023,M
190011,Yevhen,Marusiak,54,21,30,18,UKR,2023,M
149215,Yukiya,Sato,54,21,38,9,JPN,2023,M
192465,Joacim Oedegaard,Bjoereng,56,19,34,11,NOR,2023,M
212115,Kacper,Juroszek,57,18,,0,POL,2023,M
212601,Benjamin,Oestvold,58,17,38,9,NOR,2023,M
237347,Erik,Belshaw,58,17,,0,USA,2023,M
151263,Fatih Arda,Ipcioglu,60,16,,0,TUR,2023,M
175837,Maximilian,Steiner,60,16,47,3,AUT,2023,M
196315,Eetu,Nousiainen,62,15,,0,FIN,2023,M
204197,Remo,Imhof,63,14,,0,SUI,2023,M
126003,Junshiro,Kobayashi,63,14,,0,JPN,2023,M
182815,Keiichi,Sato,63,14,,0,JPN,2023,M
180692,Casey,Larson,66,13,,0,USA,2023,M
239973,Vilho,Palosaari,66,13,,0,FIN,2023,M
235721,Maksim,Bartolj,68,11,,0,SLO,2023,M
104161,Roman,Koudelka,68,11,,0,CZE,2023,M
182349,Fredrik,Villumstad,70,10,,0,NOR,2023,M
166436,Felix,Hoffmann,70,10,47,3,GER,2023,M
227609,Markus,Mueller,72,8,,0,AUT,2023,M
180707,Markus,Rupitsch,73,7,,0,AUT,2023,M
217495,Decker,Dean,74,6,42,4,USA,2023,M
153777,Killian,Peier,74,6,,0,SUI,2023,M
202354,Andrew,Urlaub,76,5,,0,USA,2023,M
201747,Matija,Vidic,76,5,,0,SLO,2023,M
140329,Anders,Fannemel,78,4,,0,NOR,2023,M
73229,Stefan,Hula,78,4,,0,POL,2023,M
118113,Maciej,Kot,78,4,,0,POL,2023,M
209633,Maximilian,Ortner,81,3,,0,AUT,2023,M
73277,Taku,Takeuchi,82,2,,0,JPN,2023,M
213180,Danil,Vassilyev,82,2,,0,KAZ,2023,M
184854,Daniel Andrei,Cacina,82,2,,0,ROU,2023,M
182033,Kevin,Maltsev,85,1,,0,EST,2023,M
128448,Ulrich,Wohlgenannt,85,1,52,1,AUT,2023,M
204186,Radek,Rydl,85,1,,0,CZE,2023,M
193864,Muhammed Ali,Bedir,,0,,0,TUR,2023,M
201641,Francesco,Cecon,,0,,0,ITA,2023,M
189097,Anders,Haare,,0,,0,NOR,2023,M
166435,Martin,Hamann,,0,,0,GER,2023,M
213088,Kalle,Heikkinen,,0,,0,FIN,2023,M
227853,Sindre Ulven,Joergensen,,0,,0,NOR,2023,M
205771,Francisco,Moerth,,0,,0,AUT,2023,M
136242,Sabirzhan,Muminov,,0,,0,KAZ,2023,M
250353,Iver,Olaussen,,0,,0,NOR,2023,M
188723,Luca,Roth,,0,,0,GER,2023,M
174246,Andrzej,Stekala,,0,,0,POL,2023,M
149455,Jakub,Wolny,,0,,0,POL,2023,M
128286,Stefan,Kraft,1,2149,2,426,AUT,2024,M
155620,Ryoyu,Kobayashi,2,1673,6,189,JPN,2024,M
174244,Andreas,Wellinger,3,1488,7,174,GER,2024,M
197640,Jan,Hoerl,4,1140,28,34,AUT,2024,M
131309,Peter,Prevc,5,1071,3,382,SLO,2024,M
117835,Michael,Hayboeck,6,882,10,157,AUT,2024,M
147549,Johann Andre,Forfang,7,867,8,172,NOR,2024,M
174872,Marius,Lindvik,8,854,12,122,NOR,2024,M
200666,Lovro,Kos,9,792,16,99,SLO,2024,M
99976,Pius,Paschke,10,778,18,93,GER,2024,M
196759,Daniel,Tschofenig,11,747,11,147,AUT,2024,M
17013,Manuel,Fettner,12,703,15,103,AUT,2024,M
186516,Domen,Prevc,13,663,5,270,SLO,2024,M
162711,Anze,Lanisek,14,661,29,32,SLO,2024,M
139429,Daniel,Huber,15,647,1,429,AUT,2024,M
188590,Timi,Zajc,16,640,4,296,SLO,2024,M
128621,Karl,Geiger,17,623,31,31,GER,2024,M
124118,Gregor,Deschwanden,18,552,24,47,SUI,2024,M
128281,Aleksander,Zniszczol,19,524,9,160,POL,2024,M
196090,Philipp,Raimund,20,461,27,45,GER,2024,M
219184,Kristoffer Eriksen,Sundal,21,458,33,21,NOR,2024,M
194909,Ren,Nikaido,22,449,21,70,JPN,2024,M
117450,Stephan,Leyhe,23,425,29,32,GER,2024,M
180709,Halvor Egner,Granerud,24,409,14,105,NOR,2024,M
73232,Piotr,Zyla,25,292,20,79,POL,2024,M
73228,Kamil,Stoch,26,256,17,94,POL,2024,M
175089,Alex,Insam,27,215,22,61,ITA,2024,M
111251,Dawid,Kubacki,28,213,39,5,POL,2024,M
128806,Robert,Johansson,29,195,13,109,NOR,2024,M
180889,Niko,Kytosaho,30,189,24,47,FIN,2024,M
195981,Giovanni,Bresadola,31,175,24,47,ITA,2024,M
128447,Clemens,Aigner,32,165,,0,AUT,2024,M
104161,Roman,Koudelka,33,163,,0,CZE,2024,M
126003,Junshiro,Kobayashi,34,143,32,28,JPN,2024,M
237347,Erik,Belshaw,35,137,19,86,USA,2024,M
212601,Benjamin,Oestvold,36,131,35,13,NOR,2024,M
111930,Vladimir,Zografski,37,93,,0,BUL,2024,M
147547,Daniel Andre,Tande,38,90,,0,NOR,2024,M
229566,Stephan,Embacher,39,86,,0,AUT,2024,M
182547,Antti,Aalto,40,85,42,3,FIN,2024,M
153777,Killian,Peier,41,79,,0,SUI,2024,M
274243,Tate,Frantz,42,71,34,15,USA,2024,M
181027,Artti,Aigro,43,66,37,9,EST,2024,M
166435,Martin,Hamann,44,59,,0,GER,2024,M
190011,Yevhen,Marusiak,45,57,23,51,UKR,2024,M
166436,Felix,Hoffmann,46,49,40,4,GER,2024,M
227853,Sindre Ulven,Joergensen,47,42,,0,NOR,2024,M
182407,Pawel,Wasek,47,42,,0,POL,2024,M
189105,Constantin,Schmid,49,39,,0,GER,2024,M
204197,Remo,Imhof,50,30,,0,SUI,2024,M
201766,Zak,Mogel,51,28,40,4,SLO,2024,M
973,Simon,Ammann,52,27,,0,SUI,2024,M
185562,Robin,Pedersen,53,24,43,1,NOR,2024,M
196315,Eetu,Nousiainen,53,24,,0,FIN,2024,M
118113,Maciej,Kot,55,21,,0,POL,2024,M
160506,Naoki,Nakamura,56,15,,0,JPN,2024,M
212624,Kasperi,Valto,57,12,,0,FIN,2024,M
235721,Maksim,Bartolj,58,10,36,10,SLO,2024,M
182349,Fredrik,Villumstad,58,10,,0,NOR,2024,M
29533,Noriaki,Kasai,58,10,38,6,JPN,2024,M
212387,Valentin,Foubert,61,8,,0,FRA,2024,M
164624,Ziga,Jelar,62,7,,0,SLO,2024,M
202354,Andrew,Urlaub,63,4,,0,USA,2024,M
151263,Fatih Arda,Ipcioglu,64,3,,0,TUR,2024,M
182815,Keiichi,Sato,64,3,,0,JPN,2024,M
217472,Andrea,Campregher,64,3,,0,ITA,2024,M
73277,Taku,Takeuchi,67,2,,0,JPN,2024,M
131524,Vitaliy,Kalinichenko,,0,,0,UKR,2024,M
204198,Yanick,Wasser,,0,,0,SUI,2024,M
